##### reservation_fact #####
CREATE TABLE [reservation_fact] 
(
    [booking_id]	INT,
    [cat_id]	VARCHAR(512),
    [room_number]	INT,
    [price]	VARCHAR(512),
    [number_of_night]	INT
);

INSERT INTO [reservation_fact] ([booking_id], [cat_id], [room_number], [price], [number_of_night]) VALUES ('1', 'A1', '101', '100,000', '2');
INSERT INTO [reservation_fact] ([booking_id], [cat_id], [room_number], [price], [number_of_night]) VALUES ('2', 'A2', '103', '300,000', '5');
INSERT INTO [reservation_fact] ([booking_id], [cat_id], [room_number], [price], [number_of_night]) VALUES ('3', 'A3', '102', '200,000', '3');
INSERT INTO [reservation_fact] ([booking_id], [cat_id], [room_number], [price], [number_of_night]) VALUES ('4', 'A4', '101', '100,000', '2');
INSERT INTO [reservation_fact] ([booking_id], [cat_id], [room_number], [price], [number_of_night]) VALUES ('5', 'A5', '102', '200,000', '1');
INSERT INTO [reservation_fact] ([booking_id], [cat_id], [room_number], [price], [number_of_night]) VALUES ('6', 'A6', '103', '300,000', '2');
INSERT INTO [reservation_fact] ([booking_id], [cat_id], [room_number], [price], [number_of_night]) VALUES ('7', 'A7', '102', '200,000', '3');
INSERT INTO [reservation_fact] ([booking_id], [cat_id], [room_number], [price], [number_of_night]) VALUES ('8', 'A8', '101', '100,000', '6');
INSERT INTO [reservation_fact] ([booking_id], [cat_id], [room_number], [price], [number_of_night]) VALUES ('9', 'A9', '101', '100,000', '1');
INSERT INTO [reservation_fact] ([booking_id], [cat_id], [room_number], [price], [number_of_night]) VALUES ('10', 'A10', '102', '200,000', '2');
INSERT INTO [reservation_fact] ([booking_id], [cat_id], [room_number], [price], [number_of_night]) VALUES ('11', 'A11', '103', '300,000', '1');
INSERT INTO [reservation_fact] ([booking_id], [cat_id], [room_number], [price], [number_of_night]) VALUES ('12', 'A12', '102', '200,000', '1');
INSERT INTO [reservation_fact] ([booking_id], [cat_id], [room_number], [price], [number_of_night]) VALUES ('13', 'A13', '101', '100,000', '3');
INSERT INTO [reservation_fact] ([booking_id], [cat_id], [room_number], [price], [number_of_night]) VALUES ('14', 'A14', '103', '300,000', '2');
INSERT INTO [reservation_fact] ([booking_id], [cat_id], [room_number], [price], [number_of_night]) VALUES ('15', 'A15', '101', '100,000', '6');
INSERT INTO [reservation_fact] ([booking_id], [cat_id], [room_number], [price], [number_of_night]) VALUES ('16', 'A16', '102', '200,000', '8');
INSERT INTO [reservation_fact] ([booking_id], [cat_id], [room_number], [price], [number_of_night]) VALUES ('17', 'A17', '103', '300,000', '1');
INSERT INTO [reservation_fact] ([booking_id], [cat_id], [room_number], [price], [number_of_night]) VALUES ('18', 'A18', '101', '100,000', '2');
INSERT INTO [reservation_fact] ([booking_id], [cat_id], [room_number], [price], [number_of_night]) VALUES ('19', 'A19', '101', '100,000', '3');
INSERT INTO [reservation_fact] ([booking_id], [cat_id], [room_number], [price], [number_of_night]) VALUES ('20', 'A20', '103', '300,000', '4');
INSERT INTO [reservation_fact] ([booking_id], [cat_id], [room_number], [price], [number_of_night]) VALUES ('21', 'A21', '102', '200,000', '6');
INSERT INTO [reservation_fact] ([booking_id], [cat_id], [room_number], [price], [number_of_night]) VALUES ('22', 'A22', '103', '300,000', '8');
INSERT INTO [reservation_fact] ([booking_id], [cat_id], [room_number], [price], [number_of_night]) VALUES ('23', 'A23', '102', '200,000', '1');
INSERT INTO [reservation_fact] ([booking_id], [cat_id], [room_number], [price], [number_of_night]) VALUES ('24', 'A24', '101', '100,000', '2');
INSERT INTO [reservation_fact] ([booking_id], [cat_id], [room_number], [price], [number_of_night]) VALUES ('25', 'A25', '101', '100,000', '3');
INSERT INTO [reservation_fact] ([booking_id], [cat_id], [room_number], [price], [number_of_night]) VALUES ('26', 'A26', '103', '300,000', '4');
INSERT INTO [reservation_fact] ([booking_id], [cat_id], [room_number], [price], [number_of_night]) VALUES ('27', 'A27', '102', '200,000', '5');
INSERT INTO [reservation_fact] ([booking_id], [cat_id], [room_number], [price], [number_of_night]) VALUES ('28', 'A28', '103', '300,000', '2');
INSERT INTO [reservation_fact] ([booking_id], [cat_id], [room_number], [price], [number_of_night]) VALUES ('29', 'A29', '102', '200,000', '3');
INSERT INTO [reservation_fact] ([booking_id], [cat_id], [room_number], [price], [number_of_night]) VALUES ('30', 'A30', '101', '100,000', '8');
INSERT INTO [reservation_fact] ([booking_id], [cat_id], [room_number], [price], [number_of_night]) VALUES ('31', 'A31', '103', '300,000', '4');
INSERT INTO [reservation_fact] ([booking_id], [cat_id], [room_number], [price], [number_of_night]) VALUES ('32', 'A32', '102', '200,000', '5');
INSERT INTO [reservation_fact] ([booking_id], [cat_id], [room_number], [price], [number_of_night]) VALUES ('33', 'A33', '102', '200,000', '5');
INSERT INTO [reservation_fact] ([booking_id], [cat_id], [room_number], [price], [number_of_night]) VALUES ('34', 'A34', '103', '300,000', '2');
INSERT INTO [reservation_fact] ([booking_id], [cat_id], [room_number], [price], [number_of_night]) VALUES ('35', 'A35', '102', '200,000', '7');
INSERT INTO [reservation_fact] ([booking_id], [cat_id], [room_number], [price], [number_of_night]) VALUES ('36', 'A36', '101', '100,000', '1');
INSERT INTO [reservation_fact] ([booking_id], [cat_id], [room_number], [price], [number_of_night]) VALUES ('37', 'A37', '101', '100,000', '3');
INSERT INTO [reservation_fact] ([booking_id], [cat_id], [room_number], [price], [number_of_night]) VALUES ('38', 'A38', '103', '300,000', '6');
INSERT INTO [reservation_fact] ([booking_id], [cat_id], [room_number], [price], [number_of_night]) VALUES ('39', 'A39', '102', '200,000', '9');
INSERT INTO [reservation_fact] ([booking_id], [cat_id], [room_number], [price], [number_of_night]) VALUES ('40', 'A40', '101', '100,000', '2');

##### booking_dim #####
CREATE TABLE [booking_dim] 
(
    [booking_id]    INT,
    [booking_location]  VARCHAR(512)
);

INSERT INTO [booking_dim] ([booking_id], [booking_location]) VALUES ('1', 'Ha Noi');
INSERT INTO [booking_dim] ([booking_id], [booking_location]) VALUES ('2', 'Hai Duong');
INSERT INTO [booking_dim] ([booking_id], [booking_location]) VALUES ('3', 'Hai Phong');
INSERT INTO [booking_dim] ([booking_id], [booking_location]) VALUES ('4', 'Ha Noi');
INSERT INTO [booking_dim] ([booking_id], [booking_location]) VALUES ('5', 'Ho Chi Minh');
INSERT INTO [booking_dim] ([booking_id], [booking_location]) VALUES ('6', 'Hue');
INSERT INTO [booking_dim] ([booking_id], [booking_location]) VALUES ('7', 'Thanh Hoa');
INSERT INTO [booking_dim] ([booking_id], [booking_location]) VALUES ('8', 'Quang Ninh');
INSERT INTO [booking_dim] ([booking_id], [booking_location]) VALUES ('9', 'Nha Trang');
INSERT INTO [booking_dim] ([booking_id], [booking_location]) VALUES ('10', 'Khanh Hoa');
INSERT INTO [booking_dim] ([booking_id], [booking_location]) VALUES ('11', 'Hai Phong ');
INSERT INTO [booking_dim] ([booking_id], [booking_location]) VALUES ('12', 'Ha Noi');
INSERT INTO [booking_dim] ([booking_id], [booking_location]) VALUES ('13', 'Ha Noi');
INSERT INTO [booking_dim] ([booking_id], [booking_location]) VALUES ('14', 'Quang Ninh');
INSERT INTO [booking_dim] ([booking_id], [booking_location]) VALUES ('15', 'Ca Mau');
INSERT INTO [booking_dim] ([booking_id], [booking_location]) VALUES ('16', 'Can Tho');
INSERT INTO [booking_dim] ([booking_id], [booking_location]) VALUES ('17', 'Hai Phong');
INSERT INTO [booking_dim] ([booking_id], [booking_location]) VALUES ('18', 'Ca Mau');
INSERT INTO [booking_dim] ([booking_id], [booking_location]) VALUES ('19', 'Khanh Hoa');
INSERT INTO [booking_dim] ([booking_id], [booking_location]) VALUES ('20', 'Hoa Binh');
INSERT INTO [booking_dim] ([booking_id], [booking_location]) VALUES ('21', 'Lang Son');
INSERT INTO [booking_dim] ([booking_id], [booking_location]) VALUES ('22', 'Lao Cai');
INSERT INTO [booking_dim] ([booking_id], [booking_location]) VALUES ('23', 'My Tho');
INSERT INTO [booking_dim] ([booking_id], [booking_location]) VALUES ('24', 'Nam Dinh');
INSERT INTO [booking_dim] ([booking_id], [booking_location]) VALUES ('25', 'Quang Ninh');
INSERT INTO [booking_dim] ([booking_id], [booking_location]) VALUES ('26', 'Thai Nguyen');
INSERT INTO [booking_dim] ([booking_id], [booking_location]) VALUES ('27', 'Bac Ninh');
INSERT INTO [booking_dim] ([booking_id], [booking_location]) VALUES ('28', 'Hue');
INSERT INTO [booking_dim] ([booking_id], [booking_location]) VALUES ('29', 'Quy Nhon');
INSERT INTO [booking_dim] ([booking_id], [booking_location]) VALUES ('30', 'Phan Thiet');
INSERT INTO [booking_dim] ([booking_id], [booking_location]) VALUES ('31', 'Phu Quoc');
INSERT INTO [booking_dim] ([booking_id], [booking_location]) VALUES ('32', 'Son La');
INSERT INTO [booking_dim] ([booking_id], [booking_location]) VALUES ('33', 'Ha Noi ');
INSERT INTO [booking_dim] ([booking_id], [booking_location]) VALUES ('34', 'Thai Nguyen ');
INSERT INTO [booking_dim] ([booking_id], [booking_location]) VALUES ('35', 'Hoi An');
INSERT INTO [booking_dim] ([booking_id], [booking_location]) VALUES ('36', 'Thanh Hoa');
INSERT INTO [booking_dim] ([booking_id], [booking_location]) VALUES ('37', 'Ha Tinh');
INSERT INTO [booking_dim] ([booking_id], [booking_location]) VALUES ('38', 'Quang Ninh');
INSERT INTO [booking_dim] ([booking_id], [booking_location]) VALUES ('39', 'Hai Phong');
INSERT INTO [booking_dim] ([booking_id], [booking_location]) VALUES ('40', 'Hai Phong');

##### cat_dim #####
CREATE TABLE [cat_dim] 
(
    [booking_id]    INT,
    [cat_id]    VARCHAR(512),
    [cat_name]  VARCHAR(512),
    [cat_type]  VARCHAR(512)
);

INSERT INTO [cat_dim] ([booking_id], [cat_id], [cat_name], [cat_type]) VALUES ('1', 'A1', 'Oliver', 'Ragdoll');
INSERT INTO [cat_dim] ([booking_id], [cat_id], [cat_name], [cat_type]) VALUES ('2', 'A2', 'Leo', 'Munchkin');
INSERT INTO [cat_dim] ([booking_id], [cat_id], [cat_name], [cat_type]) VALUES ('3', 'A3', 'Milo', 'British Shorthair');
INSERT INTO [cat_dim] ([booking_id], [cat_id], [cat_name], [cat_type]) VALUES ('4', 'A4', 'Charlie', 'Munchkin');
INSERT INTO [cat_dim] ([booking_id], [cat_id], [cat_name], [cat_type]) VALUES ('5', 'A5', 'Max', 'Persian');
INSERT INTO [cat_dim] ([booking_id], [cat_id], [cat_name], [cat_type]) VALUES ('6', 'A6', 'Simba', 'Munchkin');
INSERT INTO [cat_dim] ([booking_id], [cat_id], [cat_name], [cat_type]) VALUES ('7', 'A7', 'Jack', 'Sphynx');
INSERT INTO [cat_dim] ([booking_id], [cat_id], [cat_name], [cat_type]) VALUES ('8', 'A8', 'Loki', 'British Shorthair');
INSERT INTO [cat_dim] ([booking_id], [cat_id], [cat_name], [cat_type]) VALUES ('9', 'A9', 'Ollie', 'Bengal ');
INSERT INTO [cat_dim] ([booking_id], [cat_id], [cat_name], [cat_type]) VALUES ('10', 'A10', 'Jasper', 'Sphynx');
INSERT INTO [cat_dim] ([booking_id], [cat_id], [cat_name], [cat_type]) VALUES ('11', 'A11', 'Luna', 'Ragdoll');
INSERT INTO [cat_dim] ([booking_id], [cat_id], [cat_name], [cat_type]) VALUES ('12', 'A12', 'Bella', 'Scottish Fold');
INSERT INTO [cat_dim] ([booking_id], [cat_id], [cat_name], [cat_type]) VALUES ('13', 'A13', 'Lily', 'Persian');
INSERT INTO [cat_dim] ([booking_id], [cat_id], [cat_name], [cat_type]) VALUES ('14', 'A14', 'Lucy', 'Ragdoll');
INSERT INTO [cat_dim] ([booking_id], [cat_id], [cat_name], [cat_type]) VALUES ('15', 'A15', 'Nala', 'British Shorthair');
INSERT INTO [cat_dim] ([booking_id], [cat_id], [cat_name], [cat_type]) VALUES ('16', 'A16', 'Kitty', 'British Longhair');
INSERT INTO [cat_dim] ([booking_id], [cat_id], [cat_name], [cat_type]) VALUES ('17', 'A17', 'Chloe', 'Ragdoll');
INSERT INTO [cat_dim] ([booking_id], [cat_id], [cat_name], [cat_type]) VALUES ('18', 'A18', 'Stella', 'British Longhair');
INSERT INTO [cat_dim] ([booking_id], [cat_id], [cat_name], [cat_type]) VALUES ('19', 'A19', 'Zoe', 'Sphynx');
INSERT INTO [cat_dim] ([booking_id], [cat_id], [cat_name], [cat_type]) VALUES ('20', 'A20', 'Lola', 'Persian');
INSERT INTO [cat_dim] ([booking_id], [cat_id], [cat_name], [cat_type]) VALUES ('21', 'A21', 'Oreo', 'Ragdoll');
INSERT INTO [cat_dim] ([booking_id], [cat_id], [cat_name], [cat_type]) VALUES ('22', 'A22', 'Kitty', 'Bengal ');
INSERT INTO [cat_dim] ([booking_id], [cat_id], [cat_name], [cat_type]) VALUES ('23', 'A23', 'Charlie', 'Scottish Fold');
INSERT INTO [cat_dim] ([booking_id], [cat_id], [cat_name], [cat_type]) VALUES ('24', 'A24', 'Pumpkin', 'British Shorthair');
INSERT INTO [cat_dim] ([booking_id], [cat_id], [cat_name], [cat_type]) VALUES ('25', 'A25', 'Boo', 'Munchkin');
INSERT INTO [cat_dim] ([booking_id], [cat_id], [cat_name], [cat_type]) VALUES ('26', 'A26', 'Salem', 'British Shorthair');
INSERT INTO [cat_dim] ([booking_id], [cat_id], [cat_name], [cat_type]) VALUES ('27', 'A27', 'Bean', 'Bengal ');
INSERT INTO [cat_dim] ([booking_id], [cat_id], [cat_name], [cat_type]) VALUES ('28', 'A28', 'Smokey', 'Munchkin');
INSERT INTO [cat_dim] ([booking_id], [cat_id], [cat_name], [cat_type]) VALUES ('29', 'A29', 'Baguette', 'Ragdoll');
INSERT INTO [cat_dim] ([booking_id], [cat_id], [cat_name], [cat_type]) VALUES ('30', 'A30', 'Voltaire', 'Munchkin');
INSERT INTO [cat_dim] ([booking_id], [cat_id], [cat_name], [cat_type]) VALUES ('31', 'A31', 'Caviar', 'Persian');
INSERT INTO [cat_dim] ([booking_id], [cat_id], [cat_name], [cat_type]) VALUES ('32', 'A32', 'Dior', 'Scottish Fold');
INSERT INTO [cat_dim] ([booking_id], [cat_id], [cat_name], [cat_type]) VALUES ('33', 'A33', 'Pizza', 'Ragdoll');
INSERT INTO [cat_dim] ([booking_id], [cat_id], [cat_name], [cat_type]) VALUES ('34', 'A34', 'Baguette', 'British Shorthair');
INSERT INTO [cat_dim] ([booking_id], [cat_id], [cat_name], [cat_type]) VALUES ('35', 'A35', 'Voltaire', 'British Longhair');
INSERT INTO [cat_dim] ([booking_id], [cat_id], [cat_name], [cat_type]) VALUES ('36', 'A36', 'Caviar', 'Scottish Fold');
INSERT INTO [cat_dim] ([booking_id], [cat_id], [cat_name], [cat_type]) VALUES ('37', 'A37', 'Dior', 'British Shorthair');
INSERT INTO [cat_dim] ([booking_id], [cat_id], [cat_name], [cat_type]) VALUES ('38', 'A38', 'Pizza', 'Bengal ');
INSERT INTO [cat_dim] ([booking_id], [cat_id], [cat_name], [cat_type]) VALUES ('39', 'A39', 'Anchovy', 'Bengal ');
INSERT INTO [cat_dim] ([booking_id], [cat_id], [cat_name], [cat_type]) VALUES ('40', 'A40', 'Eiffel', 'Scottish Fold');

##### room_dim #####
CREATE TABLE [room_dim] 
(
    [booking_id]    INT,
    [room_number]   INT,
    [room_type] VARCHAR(512),
    [price] VARCHAR(512)
);

INSERT INTO [room_dim] ([booking_id], [room_number], [room_type], [price]) VALUES ('1', '101', 'Standard Room', '100,000');
INSERT INTO [room_dim] ([booking_id], [room_number], [room_type], [price]) VALUES ('2', '103', 'Deluxe Room', '300,000');
INSERT INTO [room_dim] ([booking_id], [room_number], [room_type], [price]) VALUES ('3', '102', 'Superior Room', '200,000');
INSERT INTO [room_dim] ([booking_id], [room_number], [room_type], [price]) VALUES ('4', '101', 'Standard Room', '100,000');
INSERT INTO [room_dim] ([booking_id], [room_number], [room_type], [price]) VALUES ('5', '102', 'Superior Room', '200,000');
INSERT INTO [room_dim] ([booking_id], [room_number], [room_type], [price]) VALUES ('6', '103', 'Deluxe Room', '300,000');
INSERT INTO [room_dim] ([booking_id], [room_number], [room_type], [price]) VALUES ('7', '102', 'Superior Room', '200,000');
INSERT INTO [room_dim] ([booking_id], [room_number], [room_type], [price]) VALUES ('8', '101', 'Standard Room', '100,000');
INSERT INTO [room_dim] ([booking_id], [room_number], [room_type], [price]) VALUES ('9', '101', 'Standard Room', '100,000');
INSERT INTO [room_dim] ([booking_id], [room_number], [room_type], [price]) VALUES ('10', '102', 'Superior Room', '200,000');
INSERT INTO [room_dim] ([booking_id], [room_number], [room_type], [price]) VALUES ('11', '103', 'Deluxe Room', '300,000');
INSERT INTO [room_dim] ([booking_id], [room_number], [room_type], [price]) VALUES ('12', '102', 'Superior Room', '200,000');
INSERT INTO [room_dim] ([booking_id], [room_number], [room_type], [price]) VALUES ('13', '101', 'Standard Room', '100,000');
INSERT INTO [room_dim] ([booking_id], [room_number], [room_type], [price]) VALUES ('14', '103', 'Deluxe Room', '300,000');
INSERT INTO [room_dim] ([booking_id], [room_number], [room_type], [price]) VALUES ('15', '101', 'Standard Room', '100,000');
INSERT INTO [room_dim] ([booking_id], [room_number], [room_type], [price]) VALUES ('16', '102', 'Superior Room', '200,000');
INSERT INTO [room_dim] ([booking_id], [room_number], [room_type], [price]) VALUES ('17', '103', 'Deluxe Room', '300,000');
INSERT INTO [room_dim] ([booking_id], [room_number], [room_type], [price]) VALUES ('18', '101', 'Standard Room', '100,000');
INSERT INTO [room_dim] ([booking_id], [room_number], [room_type], [price]) VALUES ('19', '101', 'Standard Room', '100,000');
INSERT INTO [room_dim] ([booking_id], [room_number], [room_type], [price]) VALUES ('20', '103', 'Deluxe Room', '300,000');
INSERT INTO [room_dim] ([booking_id], [room_number], [room_type], [price]) VALUES ('21', '102', 'Superior Room', '200,000');
INSERT INTO [room_dim] ([booking_id], [room_number], [room_type], [price]) VALUES ('22', '103', 'Deluxe Room', '300,000');
INSERT INTO [room_dim] ([booking_id], [room_number], [room_type], [price]) VALUES ('23', '102', 'Superior Room', '200,000');
INSERT INTO [room_dim] ([booking_id], [room_number], [room_type], [price]) VALUES ('24', '101', 'Standard Room', '100,000');
INSERT INTO [room_dim] ([booking_id], [room_number], [room_type], [price]) VALUES ('25', '101', 'Standard Room', '100,000');
INSERT INTO [room_dim] ([booking_id], [room_number], [room_type], [price]) VALUES ('26', '103', 'Deluxe Room', '300,000');
INSERT INTO [room_dim] ([booking_id], [room_number], [room_type], [price]) VALUES ('27', '102', 'Superior Room', '200,000');
INSERT INTO [room_dim] ([booking_id], [room_number], [room_type], [price]) VALUES ('28', '103', 'Deluxe Room', '300,000');
INSERT INTO [room_dim] ([booking_id], [room_number], [room_type], [price]) VALUES ('29', '102', 'Superior Room', '200,000');
INSERT INTO [room_dim] ([booking_id], [room_number], [room_type], [price]) VALUES ('30', '101', 'Standard Room', '100,000');
INSERT INTO [room_dim] ([booking_id], [room_number], [room_type], [price]) VALUES ('31', '103', 'Deluxe Room', '300,000');
INSERT INTO [room_dim] ([booking_id], [room_number], [room_type], [price]) VALUES ('32', '102', 'Superior Room', '200,000');
INSERT INTO [room_dim] ([booking_id], [room_number], [room_type], [price]) VALUES ('33', '102', 'Superior Room', '200,000');
INSERT INTO [room_dim] ([booking_id], [room_number], [room_type], [price]) VALUES ('34', '103', 'Deluxe Room', '300,000');
INSERT INTO [room_dim] ([booking_id], [room_number], [room_type], [price]) VALUES ('35', '102', 'Superior Room', '200,000');
INSERT INTO [room_dim] ([booking_id], [room_number], [room_type], [price]) VALUES ('36', '101', 'Standard Room', '100,000');
INSERT INTO [room_dim] ([booking_id], [room_number], [room_type], [price]) VALUES ('37', '101', 'Standard Room', '100,000');
INSERT INTO [room_dim] ([booking_id], [room_number], [room_type], [price]) VALUES ('38', '103', 'Deluxe Room', '300,000');
INSERT INTO [room_dim] ([booking_id], [room_number], [room_type], [price]) VALUES ('39', '102', 'Superior Room', '200,000');
INSERT INTO [room_dim] ([booking_id], [room_number], [room_type], [price]) VALUES ('40', '101', 'Standard Room', '100,000');

##### time_dim #####
CREATE TABLE [room_dim] 
(
    [booking_id]    INT,
    [room_number]   INT,
    [room_type] VARCHAR(512),
    [price] VARCHAR(512)
);

INSERT INTO [room_dim] ([booking_id], [room_number], [room_type], [price]) VALUES ('1', '101', 'Standard Room', '100,000');
INSERT INTO [room_dim] ([booking_id], [room_number], [room_type], [price]) VALUES ('2', '103', 'Deluxe Room', '300,000');
INSERT INTO [room_dim] ([booking_id], [room_number], [room_type], [price]) VALUES ('3', '102', 'Superior Room', '200,000');
INSERT INTO [room_dim] ([booking_id], [room_number], [room_type], [price]) VALUES ('4', '101', 'Standard Room', '100,000');
INSERT INTO [room_dim] ([booking_id], [room_number], [room_type], [price]) VALUES ('5', '102', 'Superior Room', '200,000');
INSERT INTO [room_dim] ([booking_id], [room_number], [room_type], [price]) VALUES ('6', '103', 'Deluxe Room', '300,000');
INSERT INTO [room_dim] ([booking_id], [room_number], [room_type], [price]) VALUES ('7', '102', 'Superior Room', '200,000');
INSERT INTO [room_dim] ([booking_id], [room_number], [room_type], [price]) VALUES ('8', '101', 'Standard Room', '100,000');
INSERT INTO [room_dim] ([booking_id], [room_number], [room_type], [price]) VALUES ('9', '101', 'Standard Room', '100,000');
INSERT INTO [room_dim] ([booking_id], [room_number], [room_type], [price]) VALUES ('10', '102', 'Superior Room', '200,000');
INSERT INTO [room_dim] ([booking_id], [room_number], [room_type], [price]) VALUES ('11', '103', 'Deluxe Room', '300,000');
INSERT INTO [room_dim] ([booking_id], [room_number], [room_type], [price]) VALUES ('12', '102', 'Superior Room', '200,000');
INSERT INTO [room_dim] ([booking_id], [room_number], [room_type], [price]) VALUES ('13', '101', 'Standard Room', '100,000');
INSERT INTO [room_dim] ([booking_id], [room_number], [room_type], [price]) VALUES ('14', '103', 'Deluxe Room', '300,000');
INSERT INTO [room_dim] ([booking_id], [room_number], [room_type], [price]) VALUES ('15', '101', 'Standard Room', '100,000');
INSERT INTO [room_dim] ([booking_id], [room_number], [room_type], [price]) VALUES ('16', '102', 'Superior Room', '200,000');
INSERT INTO [room_dim] ([booking_id], [room_number], [room_type], [price]) VALUES ('17', '103', 'Deluxe Room', '300,000');
INSERT INTO [room_dim] ([booking_id], [room_number], [room_type], [price]) VALUES ('18', '101', 'Standard Room', '100,000');
INSERT INTO [room_dim] ([booking_id], [room_number], [room_type], [price]) VALUES ('19', '101', 'Standard Room', '100,000');
INSERT INTO [room_dim] ([booking_id], [room_number], [room_type], [price]) VALUES ('20', '103', 'Deluxe Room', '300,000');
INSERT INTO [room_dim] ([booking_id], [room_number], [room_type], [price]) VALUES ('21', '102', 'Superior Room', '200,000');
INSERT INTO [room_dim] ([booking_id], [room_number], [room_type], [price]) VALUES ('22', '103', 'Deluxe Room', '300,000');
INSERT INTO [room_dim] ([booking_id], [room_number], [room_type], [price]) VALUES ('23', '102', 'Superior Room', '200,000');
INSERT INTO [room_dim] ([booking_id], [room_number], [room_type], [price]) VALUES ('24', '101', 'Standard Room', '100,000');
INSERT INTO [room_dim] ([booking_id], [room_number], [room_type], [price]) VALUES ('25', '101', 'Standard Room', '100,000');
INSERT INTO [room_dim] ([booking_id], [room_number], [room_type], [price]) VALUES ('26', '103', 'Deluxe Room', '300,000');
INSERT INTO [room_dim] ([booking_id], [room_number], [room_type], [price]) VALUES ('27', '102', 'Superior Room', '200,000');
INSERT INTO [room_dim] ([booking_id], [room_number], [room_type], [price]) VALUES ('28', '103', 'Deluxe Room', '300,000');
INSERT INTO [room_dim] ([booking_id], [room_number], [room_type], [price]) VALUES ('29', '102', 'Superior Room', '200,000');
INSERT INTO [room_dim] ([booking_id], [room_number], [room_type], [price]) VALUES ('30', '101', 'Standard Room', '100,000');
INSERT INTO [room_dim] ([booking_id], [room_number], [room_type], [price]) VALUES ('31', '103', 'Deluxe Room', '300,000');
INSERT INTO [room_dim] ([booking_id], [room_number], [room_type], [price]) VALUES ('32', '102', 'Superior Room', '200,000');
INSERT INTO [room_dim] ([booking_id], [room_number], [room_type], [price]) VALUES ('33', '102', 'Superior Room', '200,000');
INSERT INTO [room_dim] ([booking_id], [room_number], [room_type], [price]) VALUES ('34', '103', 'Deluxe Room', '300,000');
INSERT INTO [room_dim] ([booking_id], [room_number], [room_type], [price]) VALUES ('35', '102', 'Superior Room', '200,000');
INSERT INTO [room_dim] ([booking_id], [room_number], [room_type], [price]) VALUES ('36', '101', 'Standard Room', '100,000');
INSERT INTO [room_dim] ([booking_id], [room_number], [room_type], [price]) VALUES ('37', '101', 'Standard Room', '100,000');
INSERT INTO [room_dim] ([booking_id], [room_number], [room_type], [price]) VALUES ('38', '103', 'Deluxe Room', '300,000');
INSERT INTO [room_dim] ([booking_id], [room_number], [room_type], [price]) VALUES ('39', '102', 'Superior Room', '200,000');
INSERT INTO [room_dim] ([booking_id], [room_number], [room_type], [price]) VALUES ('40', '101', 'Standard Room', '100,000');

